id;username;first_name;last_name;phone_number;email;country;state;city;address_1;address_2
1;portal input;Susie;Runte;holistic payment North Dakota;Maximo.Durgan@gmail.com;Tuvalu;Borders Keys Buckinghamshire;Port Letitia;circuit HDD open-source;RSS
2;integrate synergize;Leanne;Treutel;Rial Omani Oval online;Harold14@gmail.com;Jersey;Factors Finland;Anyatown;Direct generate olive;Response
3;Auto Loan Account Awesome Grove;Jermain;Gibson;Bedfordshire;Bailey.Graham4@yahoo.com;United Arab Emirates;Rapid;Lake Sonny;Handcrafted Fresh Salad Health RSS;channels
4;Personal Loan Account application;Marina;Shields;Games TCP;Kelsie_Rosenbaum@yahoo.com;Netherlands Antilles;even-keeled Granite multi-state;Jensenside;invoice Internal Rustic;Center
5;object-oriented Director ADP;Catalina;Glover;Executive hacking;Russ.Crooks8@yahoo.com;Uruguay;Computer;West Wymanport;copy;Clothing
6;mobile tertiary;Camden;Donnelly;Industrial Assistant orchid;Tianna_OKeefe@hotmail.com;Cote d'Ivoire;Refined Granite Chips quantifying Mexico;Arliemouth;niches firmware programming;discrete Computers
7;Ergonomic Frozen Chips bandwidth;Keaton;Oberbrunner;local Outdoors Future;Hortense.Schmeler@hotmail.com;Chad;purple North Carolina;South Llewellyn;Universal analyzing;Republic of Korea Argentina Senegal
8;Programmable dot-com mobile;Delilah;Shanahan;Money Market Account process improvement application;Jessyca_Hagenes94@yahoo.com;Canada;Analyst Steel;Pfefferburgh;Virtual;East Caribbean Dollar
9;Unbranded generate;Titus;Collins;Nebraska Seychelles Rupee modular;Carole83@yahoo.com;Lithuania;virtual Borders;Trentonton;Aruba;De-engineered alarm
10;Granite;Gracie;Nienow;COM Small;Aniya_Brown@hotmail.com;Trinidad and Tobago;wireless;Nadermouth;teal calculating;system ADP
